PID,PU_L,PU_H
1,3.333333333,4
4,4.333333333,5
5,5,3
2,3,1
3,2,4
6,4,4.333333333
7,5,5
8,4,4
9,4,4